{
    "precision": 0.963498826189027,
    "recall": 0.9622641509433962,
    "f1_score": 0.9626681465038845
}