{
    "precision": 0.9874213836477987,
    "recall": 0.9874213836477987,
    "f1_score": 0.9874213836477987
}